{
  "timestamp": "2026-02-16T10:40:16.626339",
  "flux": {
    "timestamp": "2026-02-16T10:40:03.013713",
    "heure": "23:45",
    "date": "2026-02-16",
    "consommation_actuelle": null,
    "prevision_j1": 61456,
    "flux": {
      "uk": -3528,
      "es": 2232,
      "it": -3151,
      "ch": -3200,
      "de_be": -4138
    }
  },
  "meteo": [
    {
      "date": "2026-02-16",
      "temp_min": 7.5,
      "temp_max": 11.5,
      "temp_ressentie": 2.5,
      "wind": 25.0
    },
    {
      "date": "2026-02-17",
      "temp_min": 5.7,
      "temp_max": 9.7,
      "temp_ressentie": 1.6,
      "wind": 20.3
    },
    {
      "date": "2026-02-18",
      "temp_min": 4.6,
      "temp_max": 10.0,
      "temp_ressentie": 0.8,
      "wind": 18.9
    },
    {
      "date": "2026-02-19",
      "temp_min": 5.4,
      "temp_max": 9.2,
      "temp_ressentie": 1.2,
      "wind": 21.0
    },
    {
      "date": "2026-02-20",
      "temp_min": 3.5,
      "temp_max": 9.0,
      "temp_ressentie": 0.0,
      "wind": 17.3
    },
    {
      "date": "2026-02-21",
      "temp_min": 5.2,
      "temp_max": 13.4,
      "temp_ressentie": 1.3,
      "wind": 19.1
    },
    {
      "date": "2026-02-22",
      "temp_min": 8.8,
      "temp_max": 14.8,
      "temp_ressentie": 5.7,
      "wind": 15.8
    }
  ],
  "tempo_officiel": {
    "today": {
      "code": 1,
      "couleur": "BLEU"
    },
    "tomorrow": {
      "code": 3,
      "couleur": "ROUGE"
    },
    "saison": {
      "bleu_utilises": 131,
      "blanc_utilises": 30,
      "rouge_utilises": 8,
      "bleu_restants": 169,
      "blanc_restants": 13,
      "rouge_restants": 14
    }
  },
  "jours_feries": {
    "2026-01-01": "1er janvier",
    "2026-04-06": "Lundi de Pâques",
    "2026-05-01": "1er mai",
    "2026-05-08": "8 mai",
    "2026-05-14": "Ascension",
    "2026-05-25": "Lundi de Pentecôte",
    "2026-07-14": "14 juillet",
    "2026-08-15": "Assomption",
    "2026-11-01": "Toussaint",
    "2026-11-11": "11 novembre",
    "2026-12-25": "Jour de Noël",
    "2027-01-01": "1er janvier",
    "2027-03-29": "Lundi de Pâques",
    "2027-05-01": "1er mai",
    "2027-05-06": "Ascension",
    "2027-05-08": "8 mai",
    "2027-05-17": "Lundi de Pentecôte",
    "2027-07-14": "14 juillet",
    "2027-08-15": "Assomption",
    "2027-11-01": "Toussaint",
    "2027-11-11": "11 novembre",
    "2027-12-25": "Jour de Noël"
  }
}